/*
SQLyog Community v13.2.1 (64 bit)
MySQL - 10.4.32-MariaDB : Database - sbs_proj
*********************************************************************
*/

/*!40101 SET NAMES utf8 */;

/*!40101 SET SQL_MODE=''*/;

/*!40014 SET @OLD_UNIQUE_CHECKS=@@UNIQUE_CHECKS, UNIQUE_CHECKS=0 */;
/*!40014 SET @OLD_FOREIGN_KEY_CHECKS=@@FOREIGN_KEY_CHECKS, FOREIGN_KEY_CHECKS=0 */;
/*!40101 SET @OLD_SQL_MODE=@@SQL_MODE, SQL_MODE='NO_AUTO_VALUE_ON_ZERO' */;
/*!40111 SET @OLD_SQL_NOTES=@@SQL_NOTES, SQL_NOTES=0 */;
CREATE DATABASE /*!32312 IF NOT EXISTS*/`sbs_proj` /*!40100 DEFAULT CHARACTER SET utf8mb4 COLLATE utf8mb4_general_ci */;

USE `sbs_proj`;

/*Table structure for table `article` */

DROP TABLE IF EXISTS `article`;

CREATE TABLE `article` (
  `id` int(10) unsigned NOT NULL AUTO_INCREMENT,
  `regDate` datetime NOT NULL,
  `updateDate` datetime NOT NULL,
  `title` char(100) NOT NULL,
  `body` text NOT NULL,
  `memberId` int(10) unsigned NOT NULL,
  `boardId` int(10) unsigned NOT NULL,
  `hit` int(10) unsigned NOT NULL,
  PRIMARY KEY (`id`),
  KEY `boardId` (`boardId`)
) ENGINE=InnoDB AUTO_INCREMENT=4 DEFAULT CHARSET=utf8mb4 COLLATE=utf8mb4_general_ci;

/*Data for the table `article` */

insert  into `article`(`id`,`regDate`,`updateDate`,`title`,`body`,`memberId`,`boardId`,`hit`) values 
(1,'2024-04-18 12:11:31','2024-04-18 12:11:31','제목','내용1',1,1,0),
(2,'2024-04-18 12:11:31','2024-04-18 12:11:31','제목2','내용2',2,2,0),
(3,'2024-04-18 12:11:31','2024-04-18 12:11:31','제목3','내용3',3,3,0);

/*Table structure for table `articleReply` */

DROP TABLE IF EXISTS `articleReply`;

CREATE TABLE `articleReply` (
  `id` int(10) unsigned NOT NULL AUTO_INCREMENT,
  `regDate` datetime NOT NULL,
  `updateDate` datetime NOT NULL,
  `body` char(100) NOT NULL,
  `memberId` int(10) unsigned NOT NULL,
  `articleId` int(10) unsigned NOT NULL,
  PRIMARY KEY (`id`),
  KEY `articleId` (`articleId`)
) ENGINE=InnoDB AUTO_INCREMENT=3 DEFAULT CHARSET=utf8mb4 COLLATE=utf8mb4_general_ci;

/*Data for the table `articleReply` */

insert  into `articleReply`(`id`,`regDate`,`updateDate`,`body`,`memberId`,`articleId`) values 
(1,'2024-04-18 12:11:31','2024-04-18 12:11:31','댓글1',1,1),
(2,'2024-04-18 12:11:31','2024-04-18 12:11:31','댓글2',2,2);

/*Table structure for table `board` */

DROP TABLE IF EXISTS `board`;

CREATE TABLE `board` (
  `id` int(10) unsigned NOT NULL AUTO_INCREMENT,
  `regDate` datetime NOT NULL,
  `updateDate` datetime NOT NULL,
  `code` char(100) NOT NULL,
  `name` char(100) NOT NULL,
  PRIMARY KEY (`id`),
  UNIQUE KEY `code` (`code`)
) ENGINE=InnoDB AUTO_INCREMENT=6 DEFAULT CHARSET=utf8mb4 COLLATE=utf8mb4_general_ci;

/*Data for the table `board` */

insert  into `board`(`id`,`regDate`,`updateDate`,`code`,`name`) values 
(1,'2024-04-18 12:11:31','2024-04-18 12:11:31','notice','공지'),
(2,'2024-04-18 12:11:31','2024-04-18 12:11:31','free','자유'),
(3,'2024-04-18 12:11:31','2024-04-18 12:11:31','food','메뉴'),
(4,'2024-04-18 12:11:31','2024-04-18 12:11:31','foodtype','메뉴종류'),
(5,'2024-04-18 12:11:31','2024-04-18 12:11:31','town','지역맛집');

/*Table structure for table `busanFood` */

DROP TABLE IF EXISTS `busanFood`;

CREATE TABLE `busanFood` (
  `id` int(10) unsigned NOT NULL AUTO_INCREMENT,
  `regDate` datetime NOT NULL,
  `foodtype` char(100) NOT NULL,
  `town` text NOT NULL,
  `boardId` int(10) unsigned NOT NULL,
  PRIMARY KEY (`id`),
  KEY `boardId` (`boardId`)
) ENGINE=InnoDB AUTO_INCREMENT=20 DEFAULT CHARSET=utf8mb4 COLLATE=utf8mb4_general_ci;

/*Data for the table `busanFood` */

insert  into `busanFood`(`id`,`regDate`,`foodtype`,`town`,`boardId`) values 
(1,'2024-04-18 12:11:31','국물요리','남구,동구,서구,중구,해운대구,기장군,북구,사상구,강서구,영도구,진구,수영구,동래구',4),
(2,'2024-04-18 12:11:31','구이류','남구,동구,서구,중구,해운대구,기장군,북구,사상구,강서구,영도구,진구,수영구,동래구',4),
(3,'2024-04-18 12:11:31','볶음류','남구,동구,서구,중구,해운대구,기장군,북구,사상구,강서구,영도구,진구,수영구,동래구',4),
(4,'2024-04-18 12:11:31','분식','남구,동구,서구,중구,해운대구,기장군,북구,사상구,강서구,영도구,진구,수영구,동래구',4),
(5,'2024-04-18 12:11:31','건강식(쌈밥,가정식,나물)','남구,동구,서구,중구,해운대구,기장군,북구,사상구,강서구,영도구,진구,수영구,동래구',4),
(6,'2024-04-18 12:11:31','죽&비빔밥','남구,동구,서구,중구,해운대구,기장군,북구,사상구,강서구,영도구,진구,수영구,동래구',4),
(7,'2024-04-18 12:11:31','찜,탕','남구,동구,서구,중구,해운대구,기장군,북구,사상구,강서구,영도구,진구,수영구,동래구',4),
(8,'2024-04-22 18:41:09','면류(우동,라멘,소바)','남구,동구,서구,중구,해운대구,기장군,북구,사상구,강서구,영도구,진구,수영구,동래구',4),
(9,'2024-04-22 18:41:31','밥류(초밥,돈부리,장어덮밥,오므라이스,카레라이스,텐동)','남구,동구,서구,중구,해운대구,기장군,북구,사상구,강서구,영도구,진구,수영구,동래구',4),
(10,'2024-04-22 18:42:32','면류(짜장면,짬뽕,도삭면,기스면,우육면)','남구,동구,서구,중구,해운대구,기장군,북구,사상구,강서구,영도구,진구,수영구,동래구',4),
(11,'2024-04-22 18:42:42','탕류(마라탕,누룽지탕,불도장,훠궈)','남구,동구,서구,중구,해운대구,기장군,북구,사상구,강서구,영도구,진구,수영구,동래구',4),
(12,'2024-04-22 18:42:51','만두류(딤섬,소롱포,춘권,만터우)','남구,동구,서구,중구,해운대구,기장군,북구,사상구,강서구,영도구,진구,수영구,동래구',4),
(13,'2024-04-22 18:43:00','요리류(탕수육,깐풍기,고추잡채,양장피,유산슬 등)','남구,동구,서구,중구,해운대구,기장군,북구,사상구,강서구,영도구,진구,수영구,동래구',4),
(14,'2024-04-22 18:43:08','파스타','남구,동구,서구,중구,해운대구,기장군,북구,사상구,강서구,영도구,진구,수영구,동래구',4),
(15,'2024-04-22 18:43:16','리조또, 스테이크','남구,동구,서구,중구,해운대구,기장군,북구,사상구,강서구,영도구,진구,수영구,동래구',4),
(16,'2024-04-22 18:43:24','스튜, 라자냐','남구,동구,서구,중구,해운대구,기장군,북구,사상구,강서구,영도구,진구,수영구,동래구',4),
(17,'2024-04-22 18:43:31','수제버거','남구,동구,서구,중구,해운대구,기장군,북구,사상구,강서구,영도구,진구,수영구,동래구',4),
(19,'2024-04-22 18:43:45','케밥','남구,동구,서구,중구,해운대구,기장군,북구,사상구,강서구,영도구,진구,수영구,동래구',4);

/*Table structure for table `busanTown` */

DROP TABLE IF EXISTS `busanTown`;

CREATE TABLE `busanTown` (
  `id` int(10) unsigned NOT NULL AUTO_INCREMENT,
  `regDate` datetime NOT NULL,
  `foodtype` char(100) NOT NULL,
  `town` text NOT NULL,
  `resname` text NOT NULL,
  `address` text NOT NULL,
  `num` text NOT NULL,
  `boardId` int(10) unsigned NOT NULL,
  PRIMARY KEY (`id`),
  KEY `boardId` (`boardId`)
) ENGINE=InnoDB DEFAULT CHARSET=utf8mb4 COLLATE=utf8mb4_general_ci;

/*Data for the table `busanTown` */

/*Table structure for table `daeguFood` */

DROP TABLE IF EXISTS `daeguFood`;

CREATE TABLE `daeguFood` (
  `id` int(10) unsigned NOT NULL AUTO_INCREMENT,
  `regDate` datetime NOT NULL,
  `foodtype` char(100) NOT NULL,
  `town` text NOT NULL,
  `boardId` int(10) unsigned NOT NULL,
  PRIMARY KEY (`id`),
  KEY `boardId` (`boardId`)
) ENGINE=InnoDB AUTO_INCREMENT=20 DEFAULT CHARSET=utf8mb4 COLLATE=utf8mb4_general_ci;

/*Data for the table `daeguFood` */

insert  into `daeguFood`(`id`,`regDate`,`foodtype`,`town`,`boardId`) values 
(1,'2024-04-18 12:11:31','국물요리','중구,동구,서구,남구,북구,달서구,달성군,수성구',4),
(2,'2024-04-18 12:11:31','구이류','중구,동구,서구,남구,북구,달서구,달성군,수성구',4),
(3,'2024-04-18 12:11:31','볶음류','중구,동구,서구,남구,북구,달서구,달성군,수성구',4),
(4,'2024-04-18 12:11:31','분식','중구,동구,서구,남구,북구,달서구,달성군,수성구',4),
(5,'2024-04-18 12:11:31','건강식(쌈밥,가정식,나물)','중구,동구,서구,남구,북구,달서구,달성군,수성구',4),
(6,'2024-04-18 12:11:31','죽&비빔밥','중구,동구,서구,남구,북구,달서구,달성군,수성구',4),
(7,'2024-04-18 12:11:31','찜,탕','중구,동구,서구,남구,북구,달서구,달성군,수성구',4),
(8,'2024-04-22 18:41:09','면류(우동,라멘,소바)','중구,동구,서구,남구,북구,달서구,달성군,수성구',4),
(9,'2024-04-22 18:41:31','밥류(초밥,돈부리,장어덮밥,오므라이스,카레라이스,텐동)','중구,동구,서구,남구,북구,달서구,달성군,수성구',4),
(10,'2024-04-22 18:42:32','면류(짜장면,짬뽕,도삭면,기스면,우육면)','중구,동구,서구,남구,북구,달서구,달성군,수성구',4),
(11,'2024-04-22 18:42:42','탕류(마라탕,누룽지탕,불도장,훠궈)','중구,동구,서구,남구,북구,달서구,달성군,수성구',4),
(12,'2024-04-22 18:42:51','만두류(딤섬,소롱포,춘권,만터우)','중구,동구,서구,남구,북구,달서구,달성군,수성구',4),
(13,'2024-04-22 18:43:00','요리류(탕수육,깐풍기,고추잡채,양장피,유산슬 등)','중구,동구,서구,남구,북구,달서구,달성군,수성구',4),
(14,'2024-04-22 18:43:08','파스타','중구,동구,서구,남구,북구,달서구,달성군,수성구',4),
(15,'2024-04-22 18:43:16','리조또, 스테이크','중구,동구,서구,남구,북구,달서구,달성군,수성구',4),
(16,'2024-04-22 18:43:24','스튜, 라자냐','중구,동구,서구,남구,북구,달서구,달성군,수성구',4),
(17,'2024-04-22 18:43:31','수제버거','중구,동구,서구,남구,북구,달서구,달성군,수성구',4),
(19,'2024-04-22 18:43:45','케밥','중구,동구,서구,남구,북구,달서구,달성군,수성구',4);

/*Table structure for table `daeguTown` */

DROP TABLE IF EXISTS `daeguTown`;

CREATE TABLE `daeguTown` (
  `id` int(10) unsigned NOT NULL AUTO_INCREMENT,
  `regDate` datetime NOT NULL,
  `foodtype` char(100) NOT NULL,
  `town` text NOT NULL,
  `resname` text NOT NULL,
  `address` text NOT NULL,
  `num` text NOT NULL,
  `boardId` int(10) unsigned NOT NULL,
  PRIMARY KEY (`id`),
  KEY `boardId` (`boardId`)
) ENGINE=InnoDB DEFAULT CHARSET=utf8mb4 COLLATE=utf8mb4_general_ci;

/*Data for the table `daeguTown` */

/*Table structure for table `daejeonFood` */

DROP TABLE IF EXISTS `daejeonFood`;

CREATE TABLE `daejeonFood` (
  `id` int(10) unsigned NOT NULL AUTO_INCREMENT,
  `regDate` datetime NOT NULL,
  `foodtype` char(100) NOT NULL,
  `town` text NOT NULL,
  `boardId` int(10) unsigned NOT NULL,
  PRIMARY KEY (`id`),
  KEY `boardId` (`boardId`)
) ENGINE=InnoDB AUTO_INCREMENT=20 DEFAULT CHARSET=utf8mb4 COLLATE=utf8mb4_general_ci;

/*Data for the table `daejeonFood` */

insert  into `daejeonFood`(`id`,`regDate`,`foodtype`,`town`,`boardId`) values 
(1,'2024-04-18 12:11:31','국물요리','중구,동구,서구,대덕구,유성구',4),
(2,'2024-04-18 12:11:31','구이류','중구,동구,서구,대덕구,유성구',4),
(3,'2024-04-18 12:11:31','볶음류','중구,동구,서구,대덕구,유성구',4),
(4,'2024-04-18 12:11:31','분식','중구,동구,서구,대덕구,유성구',4),
(5,'2024-04-18 12:11:31','건강식(쌈밥,가정식,나물)','중구,동구,서구,대덕구,유성구',4),
(6,'2024-04-18 12:11:31','죽&비빔밥','중구,동구,서구,대덕구,유성구',4),
(7,'2024-04-18 12:11:31','찜,탕','중구,동구,서구,대덕구,유성구',4),
(8,'2024-04-22 18:41:09','면류(우동,라멘,소바)','중구,동구,서구,대덕구,유성구',4),
(9,'2024-04-22 18:41:31','밥류(초밥,돈부리,장어덮밥,오므라이스,카레라이스,텐동)','중구,동구,서구,대덕구,유성구',4),
(10,'2024-04-22 18:42:32','면류(짜장면,짬뽕,도삭면,기스면,우육면)','중구,동구,서구,대덕구,유성구',4),
(11,'2024-04-22 18:42:42','탕류(마라탕,누룽지탕,불도장,훠궈)','중구,동구,서구,대덕구,유성구',4),
(12,'2024-04-22 18:42:51','만두류(딤섬,소롱포,춘권,만터우)','중구,동구,서구,대덕구,유성구',4),
(13,'2024-04-22 18:43:00','요리류(탕수육,깐풍기,고추잡채,양장피,유산슬 등)','중구,동구,서구,대덕구,유성구',4),
(14,'2024-04-22 18:43:08','파스타','중구,동구,서구,대덕구,유성구',4),
(15,'2024-04-22 18:43:16','리조또, 스테이크','중구,동구,서구,대덕구,유성구',4),
(16,'2024-04-22 18:43:24','스튜, 라자냐','중구,동구,서구,대덕구,유성구',4),
(17,'2024-04-22 18:43:31','수제버거','중구,동구,서구,대덕구,유성구',4),
(19,'2024-04-22 18:43:45','케밥','중구,동구,서구,대덕구,유성구',4);

/*Table structure for table `daejeonTown` */

DROP TABLE IF EXISTS `daejeonTown`;

CREATE TABLE `daejeonTown` (
  `id` int(10) unsigned NOT NULL AUTO_INCREMENT,
  `regDate` datetime NOT NULL,
  `foodtype` char(100) NOT NULL,
  `town` text NOT NULL,
  `resname` text NOT NULL,
  `address` text NOT NULL,
  `num` text NOT NULL,
  `boardId` int(10) unsigned NOT NULL,
  PRIMARY KEY (`id`),
  KEY `boardId` (`boardId`)
) ENGINE=InnoDB DEFAULT CHARSET=utf8mb4 COLLATE=utf8mb4_general_ci;

/*Data for the table `daejeonTown` */

/*Table structure for table `district` */

DROP TABLE IF EXISTS `district`;

CREATE TABLE `district` (
  `id` int(10) unsigned NOT NULL AUTO_INCREMENT,
  `regDate` datetime NOT NULL,
  `food` char(100) NOT NULL,
  `foodtype` text NOT NULL,
  `boardId` int(10) unsigned NOT NULL,
  PRIMARY KEY (`id`),
  KEY `boardId` (`boardId`)
) ENGINE=InnoDB AUTO_INCREMENT=5 DEFAULT CHARSET=utf8mb4 COLLATE=utf8mb4_general_ci;

/*Data for the table `district` */

insert  into `district`(`id`,`regDate`,`food`,`foodtype`,`boardId`) values 
(1,'2024-04-21 19:17:16','한식','국물요리,구이류,볶음류,분식,건강식(쌈밥,가정식,나물류위주의식당),죽&비빔밥,찜,탕',3),
(2,'2024-04-21 19:17:16','일식','밥류(초밥,돈부리,장어덮밥,오므라이스,카레라이스,텐동),면류(우동,라멘,소바)',3),
(3,'2024-04-21 19:17:16','중식','면류(짜장면,짬뽕,도삭면,기스면,우육면),탕류(마라탕,누룽지탕,불도장,훠궈),만두류(딤섬,소롱포,춘권,만터우),요리류(탕수육,깐풍기,고추잡채,양장피,유산슬 등)',3),
(4,'2024-04-21 19:17:16','양식','파스타, 리조또, 스테이크, 수제버거, 스튜, 라자냐, 케밥',3);

/*Table structure for table `gwangjuFood` */

DROP TABLE IF EXISTS `gwangjuFood`;

CREATE TABLE `gwangjuFood` (
  `id` int(10) unsigned NOT NULL AUTO_INCREMENT,
  `regDate` datetime NOT NULL,
  `foodtype` char(100) NOT NULL,
  `town` text NOT NULL,
  `boardId` int(10) unsigned NOT NULL,
  PRIMARY KEY (`id`),
  KEY `boardId` (`boardId`)
) ENGINE=InnoDB AUTO_INCREMENT=20 DEFAULT CHARSET=utf8mb4 COLLATE=utf8mb4_general_ci;

/*Data for the table `gwangjuFood` */

insert  into `gwangjuFood`(`id`,`regDate`,`foodtype`,`town`,`boardId`) values 
(1,'2024-04-18 12:11:31','국물요리','동구,서구,남구,북구,광산구',4),
(2,'2024-04-18 12:11:31','구이류','동구,서구,남구,북구,광산구',4),
(3,'2024-04-18 12:11:31','볶음류','동구,서구,남구,북구,광산구',4),
(4,'2024-04-18 12:11:31','분식','동구,서구,남구,북구,광산구',4),
(5,'2024-04-18 12:11:31','건강식(쌈밥,가정식,나물)','동구,서구,남구,북구,광산구',4),
(6,'2024-04-18 12:11:31','죽&비빔밥','동구,서구,남구,북구,광산구',4),
(7,'2024-04-18 12:11:31','찜,탕','동구,서구,남구,북구,광산구',4),
(8,'2024-04-22 18:41:09','면류(우동,라멘,소바)','동구,서구,남구,북구,광산구',4),
(9,'2024-04-22 18:41:31','밥류(초밥,돈부리,장어덮밥,오므라이스,카레라이스,텐동)','동구,서구,남구,북구,광산구',4),
(10,'2024-04-22 18:42:32','면류(짜장면,짬뽕,도삭면,기스면,우육면)','동구,서구,남구,북구,광산구',4),
(11,'2024-04-22 18:42:42','탕류(마라탕,누룽지탕,불도장,훠궈)','동구,서구,남구,북구,광산구',4),
(12,'2024-04-22 18:42:51','만두류(딤섬,소롱포,춘권,만터우)','동구,서구,남구,북구,광산구',4),
(13,'2024-04-22 18:43:00','요리류(탕수육,깐풍기,고추잡채,양장피,유산슬 등)','동구,서구,남구,북구,광산구',4),
(14,'2024-04-22 18:43:08','파스타','동구,서구,남구,북구,광산구',4),
(15,'2024-04-22 18:43:16','리조또, 스테이크','동구,서구,남구,북구,광산구',4),
(16,'2024-04-22 18:43:24','스튜, 라자냐','동구,서구,남구,북구,광산구',4),
(17,'2024-04-22 18:43:31','수제버거','동구,서구,남구,북구,광산구',4),
(19,'2024-04-22 18:43:45','케밥','동구,서구,남구,북구,광산구',4);

/*Table structure for table `gwangjuTown` */

DROP TABLE IF EXISTS `gwangjuTown`;

CREATE TABLE `gwangjuTown` (
  `id` int(10) unsigned NOT NULL AUTO_INCREMENT,
  `regDate` datetime NOT NULL,
  `foodtype` char(100) NOT NULL,
  `town` text NOT NULL,
  `resname` text NOT NULL,
  `address` text NOT NULL,
  `num` text NOT NULL,
  `boardId` int(10) unsigned NOT NULL,
  PRIMARY KEY (`id`),
  KEY `boardId` (`boardId`)
) ENGINE=InnoDB DEFAULT CHARSET=utf8mb4 COLLATE=utf8mb4_general_ci;

/*Data for the table `gwangjuTown` */

/*Table structure for table `gyeonggiFood` */

DROP TABLE IF EXISTS `gyeonggiFood`;

CREATE TABLE `gyeonggiFood` (
  `id` int(10) unsigned NOT NULL AUTO_INCREMENT,
  `regDate` datetime NOT NULL,
  `foodtype` char(100) NOT NULL,
  `town` text NOT NULL,
  `boardId` int(10) unsigned NOT NULL,
  PRIMARY KEY (`id`),
  KEY `boardId` (`boardId`)
) ENGINE=InnoDB AUTO_INCREMENT=20 DEFAULT CHARSET=utf8mb4 COLLATE=utf8mb4_general_ci;

/*Data for the table `gyeonggiFood` */

insert  into `gyeonggiFood`(`id`,`regDate`,`foodtype`,`town`,`boardId`) values 
(1,'2024-04-18 12:11:31','국물요리','고양,부천,성남,의정부,하남,수원,용인,화성,남양주,이천',4),
(2,'2024-04-18 12:11:31','구이류','고양,부천,성남,의정부,하남,수원,용인,화성,남양주,이천',4),
(3,'2024-04-18 12:11:31','볶음류','고양,부천,성남,의정부,하남,수원,용인,화성,남양주,이천',4),
(4,'2024-04-18 12:11:31','분식','고양,부천,성남,의정부,하남,수원,용인,화성,남양주,이천',4),
(5,'2024-04-18 12:11:31','건강식(쌈밥,가정식,나물)','고양,부천,성남,의정부,하남,수원,용인,화성,남양주,이천',4),
(6,'2024-04-18 12:11:31','죽&비빔밥','고양,부천,성남,의정부,하남,수원,용인,화성,남양주,이천',4),
(7,'2024-04-18 12:11:31','찜,탕','고양,부천,성남,의정부,하남,수원,용인,화성,남양주,이천',4),
(8,'2024-04-22 18:41:09','면류(우동,라멘,소바)','고양,부천,성남,의정부,하남,수원,용인,화성,남양주,이천',4),
(9,'2024-04-22 18:41:31','밥류(초밥,돈부리,장어덮밥,오므라이스,카레라이스,텐동)','고양,부천,성남,의정부,하남,수원,용인,화성,남양주,이천',4),
(10,'2024-04-22 18:42:32','면류(짜장면,짬뽕,도삭면,기스면,우육면)','고양,부천,성남,의정부,하남,수원,용인,화성,남양주,이천',4),
(11,'2024-04-22 18:42:42','탕류(마라탕,누룽지탕,불도장,훠궈)','고양,부천,성남,의정부,하남,수원,용인,화성,남양주,이천',4),
(12,'2024-04-22 18:42:51','만두류(딤섬,소롱포,춘권,만터우)','고양,부천,성남,의정부,하남,수원,용인,화성,남양주,이천',4),
(13,'2024-04-22 18:43:00','요리류(탕수육,깐풍기,고추잡채,양장피,유산슬 등)','고양,부천,성남,의정부,하남,수원,용인,화성,남양주,이천',4),
(14,'2024-04-22 18:43:08','파스타','고양,부천,성남,의정부,하남,수원,용인,화성,남양주,이천',4),
(15,'2024-04-22 18:43:16','리조또, 스테이크','고양,부천,성남,의정부,하남,수원,용인,화성,남양주,이천',4),
(16,'2024-04-22 18:43:24','스튜, 라자냐','고양,부천,성남,의정부,하남,수원,용인,화성,남양주,이천',4),
(17,'2024-04-22 18:43:31','수제버거','고양,부천,성남,의정부,하남,수원,용인,화성,남양주,이천',4),
(19,'2024-04-22 18:43:45','케밥','고양,부천,성남,의정부,하남,수원,용인,화성,남양주,이천',4);

/*Table structure for table `gyeonggiTown` */

DROP TABLE IF EXISTS `gyeonggiTown`;

CREATE TABLE `gyeonggiTown` (
  `id` int(10) unsigned NOT NULL AUTO_INCREMENT,
  `regDate` datetime NOT NULL,
  `foodtype` char(100) NOT NULL,
  `town` text NOT NULL,
  `resname` text NOT NULL,
  `address` text NOT NULL,
  `num` text NOT NULL,
  `boardId` int(10) unsigned NOT NULL,
  PRIMARY KEY (`id`),
  KEY `boardId` (`boardId`)
) ENGINE=InnoDB AUTO_INCREMENT=2 DEFAULT CHARSET=utf8mb4 COLLATE=utf8mb4_general_ci;

/*Data for the table `gyeonggiTown` */

insert  into `gyeonggiTown`(`id`,`regDate`,`foodtype`,`town`,`resname`,`address`,`num`,`boardId`) values 
(1,'2024-04-18 12:11:31','국물요리','고양','정돈 도마수육 순대국','경기 고양시 일산서구 호수로856번길 73-14 1층','031-925-7772',5);

/*Table structure for table `incheonFood` */

DROP TABLE IF EXISTS `incheonFood`;

CREATE TABLE `incheonFood` (
  `id` int(10) unsigned NOT NULL AUTO_INCREMENT,
  `regDate` datetime NOT NULL,
  `foodtype` char(100) NOT NULL,
  `town` text NOT NULL,
  `boardId` int(10) unsigned NOT NULL,
  PRIMARY KEY (`id`),
  KEY `boardId` (`boardId`)
) ENGINE=InnoDB AUTO_INCREMENT=20 DEFAULT CHARSET=utf8mb4 COLLATE=utf8mb4_general_ci;

/*Data for the table `incheonFood` */

insert  into `incheonFood`(`id`,`regDate`,`foodtype`,`town`,`boardId`) values 
(1,'2024-04-18 12:11:31','국물요리','중구,동구,서구,강화군,미추홀구,연수구,남동구,부평구,계양구',4),
(2,'2024-04-18 12:11:31','구이류','중구,동구,서구,강화군,미추홀구,연수구,남동구,부평구,계양구',4),
(3,'2024-04-18 12:11:31','볶음류','중구,동구,서구,강화군,미추홀구,연수구,남동구,부평구,계양구',4),
(4,'2024-04-18 12:11:31','분식','중구,동구,서구,강화군,미추홀구,연수구,남동구,부평구,계양구',4),
(5,'2024-04-18 12:11:31','건강식(쌈밥,가정식,나물)','중구,동구,서구,강화군,미추홀구,연수구,남동구,부평구,계양구',4),
(6,'2024-04-18 12:11:31','죽&비빔밥','중구,동구,서구,강화군,미추홀구,연수구,남동구,부평구,계양구',4),
(7,'2024-04-18 12:11:31','찜,탕','중구,동구,서구,강화군,미추홀구,연수구,남동구,부평구,계양구',4),
(8,'2024-04-22 18:41:09','면류(우동,라멘,소바)','고양,부천,성남,의정부,하남,수원,용인,화성,남양주,이천',4),
(9,'2024-04-22 18:41:31','밥류(초밥,돈부리,장어덮밥,오므라이스,카레라이스,텐동)','중구,동구,서구,강화군,미추홀구,연수구,남동구,부평구,계양구',4),
(10,'2024-04-22 18:42:32','면류(짜장면,짬뽕,도삭면,기스면,우육면)','중구,동구,서구,강화군,미추홀구,연수구,남동구,부평구,계양구',4),
(11,'2024-04-22 18:42:42','탕류(마라탕,누룽지탕,불도장,훠궈)','중구,동구,서구,강화군,미추홀구,연수구,남동구,부평구,계양구',4),
(12,'2024-04-22 18:42:51','만두류(딤섬,소롱포,춘권,만터우)','중구,동구,서구,강화군,미추홀구,연수구,남동구,부평구,계양구',4),
(13,'2024-04-22 18:43:00','요리류(탕수육,깐풍기,고추잡채,양장피,유산슬 등)','중구,동구,서구,강화군,미추홀구,연수구,남동구,부평구,계양구',4),
(14,'2024-04-22 18:43:08','파스타','중구,동구,서구,강화군,미추홀구,연수구,남동구,부평구,계양구',4),
(15,'2024-04-22 18:43:16','리조또, 스테이크','중구,동구,서구,강화군,미추홀구,연수구,남동구,부평구,계양구',4),
(16,'2024-04-22 18:43:24','스튜, 라자냐','중구,동구,서구,강화군,미추홀구,연수구,남동구,부평구,계양구',4),
(17,'2024-04-22 18:43:31','수제버거','중구,동구,서구,강화군,미추홀구,연수구,남동구,부평구,계양구',4),
(19,'2024-04-22 18:43:45','케밥','중구,동구,서구,강화군,미추홀구,연수구,남동구,부평구,계양구',4);

/*Table structure for table `incheonTown` */

DROP TABLE IF EXISTS `incheonTown`;

CREATE TABLE `incheonTown` (
  `id` int(10) unsigned NOT NULL AUTO_INCREMENT,
  `regDate` datetime NOT NULL,
  `foodtype` char(100) NOT NULL,
  `town` text NOT NULL,
  `resname` text NOT NULL,
  `address` text NOT NULL,
  `num` text NOT NULL,
  `boardId` int(10) unsigned NOT NULL,
  PRIMARY KEY (`id`),
  KEY `boardId` (`boardId`)
) ENGINE=InnoDB DEFAULT CHARSET=utf8mb4 COLLATE=utf8mb4_general_ci;

/*Data for the table `incheonTown` */

/*Table structure for table `jejuFood` */

DROP TABLE IF EXISTS `jejuFood`;

CREATE TABLE `jejuFood` (
  `id` int(10) unsigned NOT NULL AUTO_INCREMENT,
  `regDate` datetime NOT NULL,
  `foodtype` char(100) NOT NULL,
  `town` text NOT NULL,
  `boardId` int(10) unsigned NOT NULL,
  PRIMARY KEY (`id`),
  KEY `boardId` (`boardId`)
) ENGINE=InnoDB AUTO_INCREMENT=20 DEFAULT CHARSET=utf8mb4 COLLATE=utf8mb4_general_ci;

/*Data for the table `jejuFood` */

insert  into `jejuFood`(`id`,`regDate`,`foodtype`,`town`,`boardId`) values 
(1,'2024-04-18 12:11:31','국물요리','제주시,서귀포시',4),
(2,'2024-04-18 12:11:31','구이류','제주시,서귀포시',4),
(3,'2024-04-18 12:11:31','볶음류','제주시,서귀포시',4),
(4,'2024-04-18 12:11:31','분식','제주시,서귀포시',4),
(5,'2024-04-18 12:11:31','건강식(쌈밥,가정식,나물)','제주시,서귀포시',4),
(6,'2024-04-18 12:11:31','죽&비빔밥','제주시,서귀포시',4),
(7,'2024-04-18 12:11:31','찜,탕','제주시,서귀포시',4),
(8,'2024-04-22 18:41:09','면류(우동,라멘,소바)','제주시,서귀포시',4),
(9,'2024-04-22 18:41:31','밥류(초밥,돈부리,장어덮밥,오므라이스,카레라이스,텐동)','제주시,서귀포시',4),
(10,'2024-04-22 18:42:32','면류(짜장면,짬뽕,도삭면,기스면,우육면)','제주시,서귀포시',4),
(11,'2024-04-22 18:42:42','탕류(마라탕,누룽지탕,불도장,훠궈)','제주시,서귀포시',4),
(12,'2024-04-22 18:42:51','만두류(딤섬,소롱포,춘권,만터우)','제주시,서귀포시',4),
(13,'2024-04-22 18:43:00','요리류(탕수육,깐풍기,고추잡채,양장피,유산슬 등)','제주시,서귀포시',4),
(14,'2024-04-22 18:43:08','파스타','제주시,서귀포시',4),
(15,'2024-04-22 18:43:16','리조또, 스테이크','제주시,서귀포시',4),
(16,'2024-04-22 18:43:24','스튜, 라자냐','제주시,서귀포시',4),
(17,'2024-04-22 18:43:31','수제버거','제주시,서귀포시',4),
(19,'2024-04-22 18:43:45','케밥','제주시,서귀포시',4);

/*Table structure for table `jejuTown` */

DROP TABLE IF EXISTS `jejuTown`;

CREATE TABLE `jejuTown` (
  `id` int(10) unsigned NOT NULL AUTO_INCREMENT,
  `regDate` datetime NOT NULL,
  `foodtype` char(100) NOT NULL,
  `town` text NOT NULL,
  `resname` text NOT NULL,
  `address` text NOT NULL,
  `num` text NOT NULL,
  `boardId` int(10) unsigned NOT NULL,
  PRIMARY KEY (`id`),
  KEY `boardId` (`boardId`)
) ENGINE=InnoDB DEFAULT CHARSET=utf8mb4 COLLATE=utf8mb4_general_ci;

/*Data for the table `jejuTown` */

/*Table structure for table `member` */

DROP TABLE IF EXISTS `member`;

CREATE TABLE `member` (
  `id` int(10) unsigned NOT NULL AUTO_INCREMENT,
  `regDate` datetime NOT NULL,
  `updateDate` datetime NOT NULL,
  `loginId` char(100) NOT NULL,
  `loginPassword` char(100) NOT NULL,
  `name` char(100) NOT NULL,
  `favoritefood` char(100) NOT NULL,
  PRIMARY KEY (`id`),
  UNIQUE KEY `loginId` (`loginId`)
) ENGINE=InnoDB AUTO_INCREMENT=7 DEFAULT CHARSET=utf8mb4 COLLATE=utf8mb4_general_ci;

/*Data for the table `member` */

insert  into `member`(`id`,`regDate`,`updateDate`,`loginId`,`loginPassword`,`name`,`favoritefood`) values 
(1,'2024-04-18 12:11:31','2024-04-18 12:11:31','admin','admin','관리자',''),
(2,'2024-04-18 12:11:31','2024-04-18 12:11:31','user1','user1','홍길동',''),
(3,'2024-04-18 12:11:31','2024-04-18 12:11:31','user2','user2','홍길순',''),
(4,'2024-04-21 17:14:36','2024-04-21 17:14:36','1','1','1','한식'),
(5,'2024-04-22 23:17:05','2024-04-22 23:17:05','gg','gg','as','한식'),
(6,'2024-04-22 23:20:59','2024-04-22 23:20:59','k','k','k','한식');

/*Table structure for table `nonmember` */

DROP TABLE IF EXISTS `nonmember`;

CREATE TABLE `nonmember` (
  `id` int(10) unsigned NOT NULL AUTO_INCREMENT,
  `regDate` datetime NOT NULL,
  `foodtype` char(100) NOT NULL,
  `randommenu` char(100) NOT NULL,
  PRIMARY KEY (`id`)
) ENGINE=InnoDB AUTO_INCREMENT=40 DEFAULT CHARSET=utf8mb4 COLLATE=utf8mb4_general_ci;

/*Data for the table `nonmember` */

insert  into `nonmember`(`id`,`regDate`,`foodtype`,`randommenu`) values 
(1,'2024-04-21 17:48:17','양식','파스타'),
(2,'2024-04-21 17:48:22','양식','리조또'),
(3,'2024-04-21 17:48:28','양식','스테이크'),
(4,'2024-04-21 17:48:36','양식','수제버거'),
(5,'2024-04-21 17:48:40','양식','스튜'),
(6,'2024-04-21 17:48:44','양식','라자냐'),
(7,'2024-04-21 17:48:48','양식','케밥'),
(8,'2024-04-21 17:49:02','한식','분식'),
(9,'2024-04-21 17:49:09','한식','쌈밥'),
(10,'2024-04-21 17:49:17','한식','죽'),
(11,'2024-04-21 17:49:26','한식','비빔밥'),
(12,'2024-04-21 17:49:34','한식','수육국밥'),
(13,'2024-04-21 17:49:39','한식','순대국'),
(14,'2024-04-21 17:49:45','한식','감자탕'),
(15,'2024-04-21 17:49:52','한식','삼겹살'),
(16,'2024-04-21 17:50:16','한식','철판볶음밥'),
(17,'2024-04-21 17:50:36','중식','짜장면'),
(18,'2024-04-21 17:50:41','중식','짬뽕'),
(19,'2024-04-21 17:50:46','중식','우육면'),
(20,'2024-04-21 17:50:51','중식','마라탕'),
(21,'2024-04-21 17:51:04','중식','훠궈'),
(22,'2024-04-21 17:51:14','중식','딤섬'),
(23,'2024-04-21 17:51:19','중식','소롱포'),
(24,'2024-04-21 17:51:30','중식','탕수육'),
(25,'2024-04-21 17:51:34','중식','깐풍기'),
(26,'2024-04-21 17:51:39','중식','고추잡채'),
(27,'2024-04-21 17:51:42','중식','양장피'),
(28,'2024-04-21 17:51:46','중식','유산슬'),
(29,'2024-04-21 17:52:00','일식','초밥'),
(30,'2024-04-21 17:52:04','일식','돈부리'),
(31,'2024-04-21 17:52:09','일식','장어덮밥'),
(32,'2024-04-21 17:52:13','일식','오므라이스'),
(33,'2024-04-21 17:52:18','일식','텐동'),
(34,'2024-04-21 17:52:23','일식','우동'),
(35,'2024-04-21 17:52:39','일식','라멘'),
(36,'2024-04-21 17:52:45','일식','소바'),
(37,'2024-04-21 17:52:50','한식','냉면'),
(38,'2024-04-21 17:52:58','한식','칼국수'),
(39,'2024-04-21 17:53:05','동남아','쌀국수');

/*Table structure for table `seoulFood` */

DROP TABLE IF EXISTS `seoulFood`;

CREATE TABLE `seoulFood` (
  `id` int(10) unsigned NOT NULL AUTO_INCREMENT,
  `regDate` datetime NOT NULL,
  `foodtype` char(100) NOT NULL,
  `town` text NOT NULL,
  `boardId` int(10) unsigned NOT NULL,
  PRIMARY KEY (`id`),
  KEY `boardId` (`boardId`)
) ENGINE=InnoDB AUTO_INCREMENT=20 DEFAULT CHARSET=utf8mb4 COLLATE=utf8mb4_general_ci;

/*Data for the table `seoulFood` */

insert  into `seoulFood`(`id`,`regDate`,`foodtype`,`town`,`boardId`) values 
(1,'2024-04-18 12:11:31','국물요리','종로,용산,마포,서대문,성동,영등포,관악,서초,강남,동작,송파,강동,강서',4),
(2,'2024-04-18 12:11:31','구이류','종로,용산,마포,서대문,성동,영등포,관악,서초,강남,동작,송파,강동,강서',4),
(3,'2024-04-18 12:11:31','볶음류','종로,용산,마포,서대문,성동,영등포,관악,서초,강남,동작,송파,강동,강서',4),
(4,'2024-04-18 12:11:31','분식','종로,용산,마포,서대문,성동,영등포,관악,서초,강남,동작,송파,강동,강서',4),
(5,'2024-04-18 12:11:31','건강식(쌈밥,가정식,나물)','종로,용산,마포,서대문,성동,영등포,관악,서초,강남,동작,송파,강동,강서',4),
(6,'2024-04-18 12:11:31','죽&비빔밥','종로,용산,마포,서대문,성동,영등포,관악,서초,강남,동작,송파,강동,강서',4),
(7,'2024-04-18 12:11:31','찜,탕','종로,용산,마포,서대문,성동,영등포,관악,서초,강남,동작,송파,강동,강서',4),
(8,'2024-04-22 18:41:09','면류(우동,라멘,소바)','종로,용산,마포,서대문,성동,영등포,관악,서초,강남,동작,송파,강동,강서',4),
(9,'2024-04-22 18:41:31','밥류(초밥,돈부리,장어덮밥,오므라이스,카레라이스,텐동)','종로,용산,마포,서대문,성동,영등포,관악,서초,강남,동작,송파,강동,강서',4),
(10,'2024-04-22 18:42:32','면류(짜장면,짬뽕,도삭면,기스면,우육면)','종로,용산,마포,서대문,성동,영등포,관악,서초,강남,동작,송파,강동,강서',4),
(11,'2024-04-22 18:42:42','탕류(마라탕,누룽지탕,불도장,훠궈)','종로,용산,마포,서대문,성동,영등포,관악,서초,강남,동작,송파,강동,강서',4),
(12,'2024-04-22 18:42:51','만두류(딤섬,소롱포,춘권,만터우)','종로,용산,마포,서대문,성동,영등포,관악,서초,강남,동작,송파,강동,강서',4),
(13,'2024-04-22 18:43:00','요리류(탕수육,깐풍기,고추잡채,양장피,유산슬 등)','종로,용산,마포,서대문,성동,영등포,관악,서초,강남,동작,송파,강동,강서',4),
(14,'2024-04-22 18:43:08','파스타','종로,용산,마포,서대문,성동,영등포,관악,서초,강남,동작,송파,강동,강서',4),
(15,'2024-04-22 18:43:16','리조또, 스테이크','종로,용산,마포,서대문,성동,영등포,관악,서초,강남,동작,송파,강동,강서',4),
(16,'2024-04-22 18:43:24','스튜, 라자냐','종로,용산,마포,서대문,성동,영등포,관악,서초,강남,동작,송파,강동,강서',4),
(17,'2024-04-22 18:43:31','수제버거','종로,용산,마포,서대문,성동,영등포,관악,서초,강남,동작,송파,강동,강서',4),
(19,'2024-04-22 18:43:45','케밥','종로,용산,마포,서대문,성동,영등포,관악,서초,강남,동작,송파,강동,강서',4);

/*Table structure for table `seoulTown` */

DROP TABLE IF EXISTS `seoulTown`;

CREATE TABLE `seoulTown` (
  `id` int(10) unsigned NOT NULL AUTO_INCREMENT,
  `regDate` datetime NOT NULL,
  `foodtype` char(100) NOT NULL,
  `town` text NOT NULL,
  `resname` text NOT NULL,
  `address` text NOT NULL,
  `num` text NOT NULL,
  `boardId` int(10) unsigned NOT NULL,
  PRIMARY KEY (`id`),
  KEY `boardId` (`boardId`)
) ENGINE=InnoDB AUTO_INCREMENT=297 DEFAULT CHARSET=utf8mb4 COLLATE=utf8mb4_general_ci;

/*Data for the table `seoulTown` */

insert  into `seoulTown`(`id`,`regDate`,`foodtype`,`town`,`resname`,`address`,`num`,`boardId`) values 
(1,'2024-04-18 12:11:31','국물요리','종로','은설설렁탕','서울 종로구 북촌로5가길 44-6 은설설렁탕','0507-1391-2997',5),
(2,'2024-04-21 21:59:47','국물요리','종로','광화문국밥','서울 중구 세종대로21길 53','02-738-5688',5),
(3,'2024-04-21 22:00:57','국물요리','종로','청진동해장국 북창점','서울 중구 남대문로1길 18','02-753-7580',5),
(4,'2024-04-21 22:02:24','국물요리','종로','호남집','서울 종로구 동호로 398 광장시장 동문A9호','02-2269-9366',5),
(5,'2024-04-21 22:03:57','국물요리','종로','미성옥','서울 중구 명동길 25-11','02-776-8929',5),
(6,'2024-04-21 22:05:20','국물요리','용산','홍가진국','서울 용산구 원효로 241-1','0507-1407-3339',5),
(7,'2024-04-21 22:05:57','국물요리','용산','가마솥족발순대국','서울 용산구 후암로 62','02-776-2223',5),
(8,'2024-04-21 22:06:33','국물요리','용산','이조순대국','서울 용산구 원효로41길 54 이조순대국','02-717-3387',5),
(9,'2024-04-21 22:07:30','국물요리','용산','금강산식당','서울 용산구 청파로 303','02-713-6650',5),
(10,'2024-04-21 22:08:14','국물요리','용산','천하뼈다귀감자탕 보광점','서울 용산구 보광로 17','02-795-9074',5),
(11,'2024-04-21 22:08:56','국물요리','마포','영동감자탕','서울 마포구 월드컵북로5길 17 서교동, 영동감자탕','02-3141-8885',5),
(12,'2024-04-21 22:09:59','국물요리','마포','월강부산돼지국밥','서울 마포구 동교로 241-1 월강부산돼지국밥','02-326-5800',5),
(13,'2024-04-21 22:10:21','국물요리','마포','비사벌전주콩나물국밥 합정점','서울 마포구 독막로 35','02-333-7580',5),
(14,'2024-04-21 22:10:52','국물요리','마포','그레이스국밥 합정점','서울 마포구 마포대로12길 18','02-6409-0900',5),
(15,'2024-04-21 22:11:29','국물요리','마포','오이소 연남본점','서울 마포구 성미산로17길 105 1층','0507-1307-6829',5),
(16,'2024-04-21 22:12:37','국물요리','서대문','우자매순대국','서울 서대문구 거북골로24길 65 1층','02-304-6346',5),
(17,'2024-04-21 22:16:05','국물요리','서대문','소푸리콩나물국밥','서울 서대문구 성산로 331','02-333-2280',5),
(18,'2024-04-21 22:17:08','국물요리','서대문','부산돼지국밥','서울 서대문구 증가로31길 45','02-374-5822',5),
(19,'2024-04-21 22:17:43','국물요리','서대문','어반할미','서울 서대문구 경기대로 26-26 어바니엘충정로 B1층','0507-1466-0929',5),
(20,'2024-04-21 22:19:07','국물요리','서대문','자연미가','서울 서대문구 북아현로 83','02-362-1213',5),
(21,'2024-04-21 22:19:57','국물요리','성동','한경화설렁탕','서울 성동구 아차산로13길 48','02-467-8595',5),
(22,'2024-04-21 22:20:48','국물요리','성동','수제양정순대국 본점','서울 성동구 성덕정길 94','02-469-6665',5),
(23,'2024-04-21 22:21:30','국물요리','성동','굴과찜사랑','서울 성동구 행당로17길 23','02-2296-9922',5),
(24,'2024-04-21 22:22:04','국물요리','성동','장성식당','서울 성동구 용답길 157-31 1층','02-2249-6322',5),
(25,'2024-04-21 22:23:35','국물요리','성동','하동진','서울 성동구 행당로17길 17','02-6405-7001',5),
(26,'2024-04-21 22:25:02','국물요리','영등포','단디만','서울 영등포구 국제금융로6길 33 맨하탄빌딩(구 여의도백화점) 지하 1층 38호','0507-1315-8990',5),
(27,'2024-04-21 22:25:58','국물요리','영등포','제일어버이순대','서울 영등포구 여의대방로 379 제일빌딩2층 213호','0507-1414-1712',5),
(28,'2024-04-21 22:26:25','국물요리','영등포','일출옥','서울 영등포구 국회대로50길 20 1층상가 130호','0507-1384-9625',5),
(29,'2024-04-21 22:27:02','국물요리','영등포','고성소머리국밥','서울 영등포구 선유로 119','02-2633-5900',5),
(30,'2024-04-21 22:27:47','국물요리','영등포','구석집','서울 영등포구 국회대로36길 3-1 1층 구석집','0507-1475-1232',5),
(31,'2024-04-21 22:28:39','국물요리','관악','정남옥 서울대입구점	','서울 관악구 관악로 148 지층','0507-1473-1064',5),
(32,'2024-04-21 22:29:13','국물요리','관악','기절초풍왕순대','서울 관악구 봉천로62길 2','0507-1473-1064',5),
(33,'2024-04-21 22:29:46','국물요리','관악','산야로 콩나물국밥','서울 관악구 관악로 111','02-889-3390',5),
(34,'2024-04-21 22:30:26','국물요리','관악','이가소머리국밥','서울 관악구 신림로7나길 32','02-888-1530',5),
(35,'2024-04-21 22:30:52','국물요리','관악','장터국밥 감자탕','서울 관악구 남부순환로214길 14 1층','0507-1414-4147',5),
(36,'2024-04-21 22:31:33','국물요리','서초','방배동순대국','서울 서초구 효령로31길 46','02-598-9597',5),
(37,'2024-04-21 22:31:59','국물요리','서초','칠백한우국밥','서울 서초구 사평대로 365 대로변 1층','0507-1457-7021',5),
(38,'2024-04-21 22:32:33','국물요리','서초','콩나루콩나물국밥 직영점','서울 서초구 강남대로37길 55-3','02-3471-6468',5),
(39,'2024-04-21 22:32:54','국물요리','서초','서초명가','서울 서초구 방배로13길 18 1층','02-522-1599',5),
(40,'2024-04-21 22:33:32','국물요리','서초','천지인설렁탕 & 함흥냉면 잠원점','서울 서초구 강남대로101안길 17 자은빌딩 1층','0507-1360-3651',5),
(41,'2024-04-21 22:34:15','국물요리','강남','하영호신촌설렁탕 본점','서울 강남구 논현로28길 36','0507-1411-5636',5),
(42,'2024-04-21 22:34:57','국물요리','강남','농민백암순대 본점','서울 강남구 선릉로86길 40-4','02-555-9603',5),
(43,'2024-04-21 22:35:53','국물요리','강남','전주식당','서울 강남구 논현로150길 16 1층','02-548-3175',5),
(44,'2024-04-21 22:36:58','국물요리','강남','도곡 한우소머리국밥','서울 강남구 도곡로 172 도곡 한우소머리국밥','02-2057-0252',5),
(45,'2024-04-21 22:37:50','국물요리','강남','중앙해장','서울 강남구 영동대로86길 17 육인빌딩','02-558-7905',5),
(46,'2024-04-21 22:38:42','국물요리','동작','한국밥 노량진점','서울 동작구 만양로 105 한성빌딩','02-3280-9882',5),
(47,'2024-04-21 22:39:07','국물요리','동작','부자국밥','서울 동작구 신대방11길 34 1층 부자국밥','0507-1330-2570',5),
(48,'2024-04-21 22:39:34','국물요리','동작','서일순대국','서울 동작구 여의대방로24길 16','0507-1332-7769',5),
(49,'2024-04-21 22:40:18','국물요리','동작','소문난순대국','서울 동작구 동작대로29나길 38','02-2061-1820',5),
(50,'2024-04-21 22:41:01','국물요리','동작','등나무집','서울 동작구 대림로 52','02-843-8989',5),
(51,'2024-04-21 22:42:36','국물요리','송파','진미옥설렁탕 본점','서울 송파구 가락로16길 3-12 성창빌딩 1층','02-400-2131',5),
(52,'2024-04-21 22:43:09','국물요리','송파','또바라기돼지국밥 문정본점','서울 송파구 법원로 114 엠스테이트 e동 지하164호','0507-1490-1136',5),
(53,'2024-04-21 22:43:34','국물요리','송파','온수반 송파점','서울 송파구 백제고분로 469 1층 온수반','0507-1453-0691',5),
(54,'2024-04-21 22:43:55','국물요리','송파','조박사토종순대국','서울 송파구 올림픽로35길 112 장미상가B동 지하44호','02-424-6233',5),
(55,'2024-04-21 22:44:38','국물요리','송파','안동국시 소담','서울 송파구 위례성대로 48 반도빌딩 2층','02-415-1855',5),
(56,'2024-04-21 22:45:40','국물요리','강동','순대국집','서울 강동구 천호대로158길 15','02-478-5370',5),
(57,'2024-04-21 22:46:25','국물요리','강동','산성식당','서울 강동구 천호대로158길 15','02-478-5370',5),
(58,'2024-04-21 22:47:40','국물요리','강동','온고식당','서울 강동구 성안로3길 86 1층, 온고식당','0507-1411-9413',5),
(59,'2024-04-21 22:48:22','국물요리','강동','복조리설렁탕함흥냉면','서울 강동구 양재대로116길 50 1층','0507-1461-0093',5),
(60,'2024-04-21 22:49:11','국물요리','강동','굴이야기굴국밥	','서울 강동구 천중로43길 72','02-484-4840',5),
(61,'2024-04-21 22:49:44','국물요리','강서','오국밥 마곡점','서울 강서구 공항대로 186 마곡로뎀타워 123호 124호','02-2666-8507',5),
(62,'2024-04-21 22:50:04','국물요리','강서','개성순대국','서울 강서구 초록마을로2길 42','0507-1302-7238',5),
(63,'2024-04-21 22:50:48','국물요리','강서','장가네돼지국밥','서울 강서구 곰달래로49길 29 산호빌딩','02-2603-6262',5),
(64,'2024-04-21 22:51:24','국물요리','강서','원조나주곰탕','서울 강서구 양천로14길 10','02-2666-8292',5),
(65,'2024-04-21 22:52:27','국물요리','강서','민속돌솥설렁탕','서울 강서구 강서로 426 1층','02-6080-6006',5),
(66,'2024-04-22 15:35:06','구이류','종로','촌놈','서울 종로구 대학로8가길 48','0507-1336-1011',5),
(70,'2024-04-22 15:38:20','구이류','관악','정숙성','서울 관악구 남부순환로226길 31 1층 정숙성','0507-1370-6668',5),
(71,'2024-04-22 15:39:17','구이류','서초','그릴진','서울 서초구 효령로55길 22 그린빌오피스텔 103호','02-582-5995',5),
(72,'2024-04-22 15:40:13','구이류','용산','몽탄','서울 용산구 백범로99길 50','0507-1418-8592',5),
(73,'2024-04-22 15:40:43','구이류','마포','풍류각','서울 마포구 월드컵로 33 1층','0507-1425-9279',5),
(74,'2024-04-22 15:41:13','구이류','서대문','돈불1971','서울 서대문구 연세로5다길 36 돈불1971','02-3141-1617',5),
(76,'2024-04-22 15:42:15','구이류','성동','양대포','서울 성동구 마조로 17 왕십리 한양약국 2층 양대포','0507-1394-9223',5),
(77,'2024-04-22 15:43:15','구이류','영등포','징기스','서울 영등포구 경인로 865 1층 징기스','0507-1410-5606',5),
(78,'2024-04-22 15:44:07','구이류','강남','호보식당','서울 강남구 논현로85길 43 1층','02-508-3992',5),
(79,'2024-04-22 15:44:41','구이류','동작','외양간','서울 동작구 동작대로11길 16 1층','0507-1484-8223',5),
(80,'2024-04-22 15:45:19','구이류','송파','일월고기','서울 송파구 오금로15길 7-16','0507-1300-7546',5),
(81,'2024-04-22 15:45:49','구이류','강동','시집그릴하우스','서울 강동구 천호대로158길 15-8 지하1층, 1층','0507-1370-8986',5),
(82,'2024-04-22 15:46:22','구이류','강서','금고깃집 마곡본점','서울 강서구 마곡동로 61 109호,203-205호','0507-1386-8295',5),
(83,'2024-04-22 15:47:31','볶음류','강서','능라도 마곡점','서울 강서구 마곡동로 56 건와빌딩 2층','02-6958-8939',5),
(84,'2024-04-22 15:48:07','볶음류','강동','옛날불고기','서울 강동구 상암로12길 4 1층 옛날불고기','02-477-9236',5),
(85,'2024-04-22 15:48:44','볶음류','송파','도나우연탄불고기','서울 송파구 백제고분로 243 삼전빌딩','0507-1401-3897',5),
(86,'2024-04-22 15:49:27','볶음류','동작','시래불고기 화풍정','서울 동작구 상도로 102 성대전통시장 2층','02-814-3392',5),
(87,'2024-04-22 15:49:56','볶음류','강남','오징어풍경','서울 강남구 테헤란로64길 26','0507-1333-0392',5),
(88,'2024-04-22 15:50:33','볶음류','서초','봉산옥 서초동본점','서울 서초구 반포대로8길 5-6','02-525-2282',5),
(89,'2024-04-22 15:51:04','볶음류','관악','시골집','서울 관악구 낙성대로 22-7','02-874-7333',5),
(90,'2024-04-22 15:51:37','볶음류','영등포','별미볶음점','서울 영등포구 국제금융로6길 33 여의도백화점 지하 1층','02-761-8188',5),
(91,'2024-04-22 15:52:23','볶음류','성동','왕십리연탄집','서울 성동구 무학로6길 51','02-2291-9073',5),
(92,'2024-04-22 15:52:47','볶음류','서대문','돈불1971','서울 서대문구 연세로5다길 36 돈불1971','02-3141-1617',5),
(93,'2024-04-22 15:53:19','볶음류','마포','24시 산더미불고기','서울 마포구 어울마당로 47','0507-1305-7626',5),
(94,'2024-04-22 15:53:51','볶음류','용산','사랑의 불고기','서울 용산구 이태원로55가길 26-1','0507-1386-3313',5),
(95,'2024-04-22 15:54:22','볶음류','종로','청진식당','서울 종로구 삼일대로 382','02-732-8038',5),
(96,'2024-04-22 16:06:33','분식','종로','선다래분식','서울 종로구 이화장길 14','02-744-4620',5),
(97,'2024-04-22 16:07:07','분식','용산','서울역철도떡볶이','서울 용산구 청파로93길 18-1 1층','02-703-7222',5),
(98,'2024-04-22 16:07:39','분식','마포','이서방네','서울 마포구 마포대로 143 파크팰리스2 지하1층 109호','0507-1367-3250',5),
(99,'2024-04-22 16:08:06','분식','서대문','가미분식','서울 서대문구 이화여대8길 2 무궁화상가아파트','02-364-3948',5),
(100,'2024-04-22 16:08:43','분식','성동','악어떡볶이','서울 성동구 마조로 33','02-2281-9988',5),
(101,'2024-04-22 16:09:18','분식','영등포','영일분식','서울 영등포구 도림로141가길 34-1','02-2636-9817',5),
(102,'2024-04-22 16:09:45','분식','관악','미림분식','서울 관악구 호암로 553','02-888-8567',5),
(103,'2024-04-22 16:10:16','분식','서초','서호김밥','서울 서초구 방배중앙로 141-1','02-594-4434',5),
(104,'2024-04-22 16:10:47','분식','강남','국미당','서울 강남구 남부순환로359길 19','02-533-6767',5),
(105,'2024-04-22 16:11:12','분식','동작','대박분식','서울 동작구 만양로 89','02-816-8007',5),
(106,'2024-04-22 16:11:41','분식','송파','입분식가정집 송파본점','서울 송파구 오금로18길 10 2층','0507-1415-5952',5),
(107,'2024-04-22 16:12:11','분식','강동','튀김마트','서울 강동구 진황도로 103','02-478-8892',5),
(108,'2024-04-22 16:12:41','분식','강서','목동분식','서울 강서구 강서로45라길 36','02-2662-4180',5),
(109,'2024-04-22 16:13:20','건강식(쌈밥,가정식,나물류위주의식당)','강서','다채우렁돌솥쌈밥','서울 강서구 화곡로20길 12','02-2608-0008',5),
(110,'2024-04-22 16:13:45','건강식(쌈밥,가정식,나물류위주의식당)','강동','설옥쌈밥냉면','서울 강동구 올림픽로98길 8-7','02-3426-0371',5),
(111,'2024-04-22 16:14:15','건강식(쌈밥,가정식,나물류위주의식당)','송파','논두렁 우렁쌈밥 본점','서울 송파구 삼전로 79 동명하이텔','02-425-3350',5),
(112,'2024-04-22 16:15:36','건강식(쌈밥,가정식,나물류위주의식당)','동작','농부쌈밥','서울 동작구 사당로30길 19','02-521-8005',5),
(113,'2024-04-22 16:16:26','건강식(쌈밥,가정식,나물류위주의식당)','강남','여민락','서울 강남구 논현로38길 46-8','02-579-1115',5),
(114,'2024-04-22 16:17:04','건강식(쌈밥,가정식,나물류위주의식당)','서초','담채','서울 서초구 서초중앙로20길 34-5 1층','02-583-5349',5),
(115,'2024-04-22 16:17:32','건강식(쌈밥,가정식,나물류위주의식당)','관악','정원쌈밥보리밥','서울 관악구 신림로18가길 23','02-887-6454',5),
(116,'2024-04-22 16:18:03','건강식(쌈밥,가정식,나물류위주의식당)','영등포','상추집','서울 영등포구 여의대방로13길 3 104호','02-2611-7995',5),
(117,'2024-04-22 16:18:42','건강식(쌈밥,가정식,나물류위주의식당)','성동','할머니의 레시피','서울 성동구 서울숲2길 44-12','0507-1429-5101',5),
(118,'2024-04-22 16:19:21','건강식(쌈밥,가정식,나물류위주의식당)','서대문','녹원쌈밥 연희점','서울 서대문구 연희로25길 22','02-336-9483',5),
(119,'2024-04-22 16:20:06','건강식(쌈밥,가정식,나물류위주의식당)','마포','마포식당','서울 마포구 신수동 81-17','02-331-9412',5),
(120,'2024-04-22 16:20:35','건강식(쌈밥,가정식,나물류위주의식당)','용산','쌈밥정식 담','서울 용산구 한강대로38길 35 태승빌딩 2층 : 담','0507-1411-8878',5),
(121,'2024-04-22 16:21:05','건강식(쌈밥,가정식,나물류위주의식당)','종로','정선곤드레쌈밥','서울 종로구 인사동12길 11 정선곤드레쌈밥','02-722-4589',5),
(122,'2024-04-22 16:23:04','죽&비빔밥','종로','이조식탁','서울 중구 마른내로 14 2층','02-2265-1058',5),
(123,'2024-04-22 16:23:55','죽&비빔밥','용산','섬집','서울 용산구 한강대로14가길 2 섬집','0507-1412-0368',5),
(125,'2024-04-22 16:25:12','죽&비빔밥','서대문','엄마식탁','서울 서대문구 연희맛로 17-21 엄마식탁','02-6401-1721',5),
(126,'2024-04-22 16:26:03','죽&비빔밥','마포','수라간','서울 마포구 동교로38안길 3 1층','0507-1330-4335',5),
(127,'2024-04-22 16:26:32','죽&비빔밥','성동','성수온실 성수본점','서울 성동구 왕십리로4길 26-14 2층','010-6668-7786',5),
(128,'2024-04-22 16:27:10','죽&비빔밥','영등포','새싹비빔밥전문점','서울 영등포구 국회대로72길 17 KCC파크타운','02-784-7002',5),
(129,'2024-04-22 16:27:46','죽&비빔밥','관악','서울밥집 봉천점','서울 관악구 장군봉1길 45','02-784-7052',5),
(130,'2024-04-22 16:28:19','죽&비빔밥','서초','한뿌리죽 키친 서초점','서울 서초구 서초대로 357 서초아르누보호텔 지하1층 B107호','0507-1314-3160',5),
(131,'2024-04-22 16:28:49','죽&비빔밥','강남','진전복삼계탕 본점','서울 강남구 선릉로129길 21 B1층','0507-1305-8937',5),
(132,'2024-04-22 16:29:27','죽&비빔밥','동작','낯선한식븟다','서울 동작구 사당로30길 28 1층','0507-1370-5261',5),
(133,'2024-04-22 16:30:04','죽&비빔밥','송파','롯데월드 저자거리 주막','서울 송파구 올림픽로 240 3층 민속식당가 저자거리','0507-1348-4842',5),
(134,'2024-04-22 16:30:37','죽&비빔밥','강동','서울진우동덮밥','서울 강동구 성내로 11 107호 서울진우동덮밥','0507-1353-3215',5),
(135,'2024-04-22 16:31:07','죽&비빔밥','강서','봉이밥','서울 강서구 마곡중앙로 171 프라이빗타워2차 1층 103,104호','0507-1389-0288',5),
(136,'2024-04-22 16:33:16','찜,탕','강서','우아한아구찜 마곡본점','서울 강서구 강서로 391 문영비즈웍스 2층 202호','0507-1351-6465',5),
(137,'2024-04-22 16:40:43','찜,탕','강동','이모네아구탕찜','서울 강동구 올림픽로70길 44','02-484-4692',5),
(138,'2024-04-22 16:41:17','찜,탕','송파','가락골마산아구찜','서울 송파구 송이로19길 3 1층','0507-1370-6666',5),
(139,'2024-04-22 16:41:41','찜,탕','동작','동해해물찜','서울 동작구 보라매로5가길 16 지하1층 101호','0507-1342-2250',5),
(140,'2024-04-22 16:42:18','찜,탕','강남','찬란한아구 강남본점','서울 강남구 강남대로78길 12 2층 찬란한아구 강남본점','0507-1361-2929',5),
(141,'2024-04-22 16:42:47','찜,탕','서초','청양골매운갈비찜','서울 서초구 바우뫼로 220 1층','0507-1338-3010',5),
(142,'2024-04-22 16:43:14','찜,탕','관악','바다가내손아귀','서울 관악구 봉천로 382-1 1층','0507-1388-9866',5),
(143,'2024-04-22 16:43:41','찜,탕','영등포','마라도아구찜','서울 영등포구 당산로31길 25','02-2671-0747',5),
(144,'2024-04-22 16:44:19','찜,탕','성동','굴과찜사랑','서울 성동구 행당로17길 23','02-2296-9922',5),
(145,'2024-04-22 16:44:46','찜,탕','서대문','월순철판동태찜','서울 서대문구 연희맛로 17-14 1층','02-325-1567',5),
(146,'2024-04-22 16:45:12','찜,탕','마포','원마산아구찜','서울 마포구 마포대로1길 46 원마산아구찜','02-719-0687',5),
(147,'2024-04-22 16:45:48','찜,탕','용산','25년장인아구찜','서울 용산구 한강대로 135 1층, 2층','0507-1354-1735',5),
(148,'2024-04-22 16:46:26','찜,탕','종로','소문난마산아구','서울 종로구 삼일대로 434','0507-1338-5393',5),
(149,'2024-04-22 16:48:37','파스타','종로','간판없는가게','서울 종로구 돈화문로11다길 36 1층 간판없는가게','0507-1427-1042',5),
(150,'2024-04-22 16:49:21','파스타','용산','오스테리아 오르조','서울 용산구 한남대로20길 47','010-6361-0801',5),
(151,'2024-04-22 16:50:48','파스타','마포','유니의우아한식탁','서울 마포구 동교로38길 27-8 2층 유니의우아한식탁','02-6085-7942',5),
(152,'2024-04-22 16:51:16','파스타','서대문','이석덕생면파스타','서울 서대문구 명물길 16 2층 이석덕생면파스타 신촌점','0507-1491-0905',5),
(153,'2024-04-22 16:51:44','파스타','성동','타이거풀 성수','서울 성동구 성수이로7가길 7','0507-1388-0777',5),
(154,'2024-04-22 16:52:14','파스타','영등포','제이렘333','서울 영등포구 여의동로 97 대우트럼프월드2차 상가 A동 104호','0507-1312-3930',5),
(155,'2024-04-22 16:52:40','파스타','관악','사생활','서울 관악구 신사로14길 19 지하1층','0507-1363-7759',5),
(156,'2024-04-22 16:53:08','파스타','서초','리에또','서울 서초구 방배천로4안길 20','0507-1400-5291',5),
(157,'2024-04-22 16:53:43','파스타','강남','428','서울 강남구 봉은사로 428 호텔 크레센도 서울 1층','0507-1364-8880',5),
(158,'2024-04-22 16:54:22','파스타','동작','톰스키친','서울 동작구 만양로3길 20 D동 202호','010-2481-5969',5),
(159,'2024-04-22 16:54:54','파스타','송파','차만다','서울 송파구 오금로16길 4-15 반도빌딩 1층','0507-1424-0814',5),
(160,'2024-04-22 16:55:22','파스타','강동','YUP','서울 강동구 성안로 22 세현빌딩 1층 yup','0507-1312-0384',5),
(161,'2024-04-22 16:55:57','파스타','강서','임피아또','서울 강서구 공항대로 227 센트럴타워1차 2층 210호','0507-1473-8909',5),
(162,'2024-04-22 16:56:59','리조또, 스테이크','강서','웜테이블','서울 강서구 공항대로49길 5-17 1층','0507-1354-1872',5),
(163,'2024-04-22 16:57:42','리조또, 스테이크','강동','비스트로 오르소','서울 송파구 양재대로 1218 올림픽선수촌기자촌@ F상가 101호','0507-1333-7597',5),
(164,'2024-04-22 16:58:15','리조또, 스테이크','송파','알루메','서울 송파구 백제고분로9길 36 지하1층','0507-1401-1126',5),
(165,'2024-04-22 16:58:48','리조또, 스테이크','동작','쥬벤쿠바 샤로수길점','서울 관악구 관악로14나길 10 1층','0507-1468-3234',5),
(166,'2024-04-22 16:59:26','리조또, 스테이크','강남','목금','서울 성동구 왕십리로2길 34 1층 목금','02-465-3641',5),
(167,'2024-04-22 16:59:59','리조또, 스테이크','서초','키친아이','서울 용산구 이촌로 248 31동 상가 204호','02-794-9711',5),
(168,'2024-04-22 17:00:27','리조또, 스테이크','관악','트라토리아 초이','서울 관악구 호암로26길 49 1층 트라토리아초이','02-877-3770',5),
(169,'2024-04-22 17:01:30','리조또, 스테이크','영등포','구스토스퀘어','서울 영등포구 은행로 58 지하1층 108-2호','02-716-8797',5),
(170,'2024-04-22 17:01:57','리조또, 스테이크','성동','서울프랑스','서울 종로구 대학로12길 53 3층','02-742-8523',5),
(171,'2024-04-22 17:02:24','리조또, 스테이크','서대문','BISTRO35','서울 서대문구 명지대길 35 1층','0507-1330-2658',5),
(172,'2024-04-22 17:02:58','리조또, 스테이크','마포','소담상회 with 아이디어스 플레이스 서교','서울 마포구 홍익로5길 31 1층','02-1668-3650',5),
(173,'2024-04-22 17:03:31','리조또, 스테이크','용산','그랑블루','서울 용산구 회나무로13가길 40 경리단길','010-7721-7209',5),
(174,'2024-04-22 17:04:18','리조또, 스테이크','종로','피터팬스테이크','서울 종로구 대학로14길 21 1층','0507-1415-1904',5),
(175,'2024-04-22 17:14:01','스튜, 라자냐','종로','모아쏭','서울 중구 소공로 46','0507-1386-9266',5),
(176,'2024-04-22 17:14:26','스튜, 라자냐','용산','타파스바','서울 용산구 이태원로27가길 49 1층','0507-1473-0799',5),
(177,'2024-04-22 17:14:48','스튜, 라자냐','마포','깔모누아','서울 마포구 양화로 72 효성해링턴타워 B1 오픈광장(썬큰광장)','02-324-0085',5),
(178,'2024-04-22 17:15:16','스튜, 라자냐','서대문','랩오아시스','서울 서대문구 인왕시장길 18 1층 Lab Oasis','0507-1303-3974',5),
(179,'2024-04-22 17:15:40','스튜, 라자냐','성동','에피타이트','서울 성동구 서울숲2길 29 3층','0507-1380-8171',5),
(180,'2024-04-22 17:16:08','스튜, 라자냐','영등포','플러피 여의도점','서울 영등포구 국제금융로8길 31 디스트릭Y 지하1층','0507-1313-5970',5),
(181,'2024-04-22 17:16:36','스튜, 라자냐','관악','루키더셰프','서울 서초구 방배천로16길 18 101호','02-6338-6978',5),
(182,'2024-04-22 17:17:01','스튜, 라자냐','서초','델리쎄 106','서울 서초구 동광로 106 원방빌딩 1층','02-534-3412',5),
(183,'2024-04-22 17:17:27','스튜, 라자냐','강남','달마시안 압구정점','서울 강남구 압구정로42길 42','0507-1491-0926',5),
(184,'2024-04-22 17:17:53','스튜, 라자냐','동작','파로','서울 동작구 사당로23바길 14 2층,3층','0507-1348-9881',5),
(185,'2024-04-22 17:18:18','스튜, 라자냐','송파','페스카토라','서울 송파구 법원로 114 엠스테이트 C동 120-1호','0507-1344-2473',5),
(186,'2024-04-22 17:18:43','스튜, 라자냐','강동','알토','서울 강동구 성내로18길 46 1층 1호','0507-1378-7503',5),
(187,'2024-04-22 17:19:04','스튜, 라자냐','강서','젠틀한식탁 강서직영점','서울 강서구 강서로45길 49-38 1층 젠틀한식탁 강서직영점','010-8962-7811',5),
(188,'2024-04-22 17:19:34','수제버거','강서','자이온 등촌점','서울 강서구 공항대로61길 10-11','0507-1383-0161',5),
(189,'2024-04-22 17:20:02','수제버거','강동','버거타임','서울 강동구 고덕로 399 메가스퀘어동 1층 124호','0507-1345-8956',5),
(190,'2024-04-22 17:20:28','수제버거','송파','윌리엄스버거','서울 송파구 석촌호수로 188 112호','02-422-7675',5),
(191,'2024-04-22 17:20:53','수제버거','동작','MISFITS','서울 동작구 동작대로3길 30 1층 MISFITS','0507-1400-4806',5),
(192,'2024-04-22 17:21:21','수제버거','강남','선데이 버거 클럽','서울 강남구 언주로170길 37 201호','02-6080-8213',5),
(193,'2024-04-22 17:21:50','수제버거','서초','릿잇타미','서울 서초구 방배천로2안길 31 1층','0507-1434-1976',5),
(194,'2024-04-22 17:22:12','수제버거','관악','더멜팅팟','봉천동 1626-12','0507-1494-1083',5),
(195,'2024-04-22 17:22:38','수제버거','영등포','불스버거','서울 영등포구 은행로 3 익스콘벤쳐타워 지하1층 빨강색 현관문','070-4647-0511',5),
(196,'2024-04-22 17:23:13','수제버거','성동','제스티살룬 성수','서울 성동구 서울숲4길 13 1층 제스티살룬','0507-1371-2622',5),
(197,'2024-04-22 17:23:40','수제버거','서대문','링키지 버거','서울 서대문구 연희로11가길 53 1층','0507-1433-9334',5),
(198,'2024-04-22 17:24:09','수제버거','마포','헤이로라 망원동 본점','서울 마포구 포은로 112 1층 Hey Laura','0507-1466-1996',5),
(199,'2024-04-22 17:24:39','수제버거','용산','침스버거 신용산','서울 용산구 한강대로40길 43 1층 109호','0507-1411-7937',5),
(200,'2024-04-22 17:25:06','수제버거','종로','혜화동버거','서울 종로구 동숭3길 6-4 1층 혜화동버거	','0507-1330-0125',5),
(201,'2024-04-22 17:25:43','케밥','종로','페르시안궁전','서울 종로구 성균관로6길 9','0507-1372-6050',5),
(203,'2024-04-22 17:26:39','케밥','마포','질할브로스 연남점','서울 마포구 양화로19길 22-25','0507-1406-1422',5),
(204,'2024-04-22 17:27:30','케밥','용산','앙카라 피크닉','서울 용산구 이태원로 182','02-793-2550',5),
(205,'2024-04-22 17:28:05','케밥','서대문','더탄두르 The Tandoor','서울 마포구 와우산로27길 27 2층(서교동)','0507-1413-0577',5),
(206,'2024-04-22 17:28:47','케밥','성동','Kebab Inn','서울 광진구 아차산로 221','02-499-3545',5),
(207,'2024-04-22 17:29:18','케밥','영등포','가네샤','서울 영등포구 신길로34길 13 1층','02-6123-9799',5),
(208,'2024-04-22 17:29:44','케밥','관악','런던케밥','서울 관악구 남부순환로163가길 1 1층 우측점포','0507-1374-8808',5),
(209,'2024-04-22 17:30:11','케밥','서초','케르반 반포점','서울 서초구 신반포로 176 신세계백화점 강남점 지하 1층','0507-1383-2356',5),
(210,'2024-04-22 17:30:39','케밥','강남','허머스키친','서울 강남구 테헤란로 521 파르나스몰 지하 1층 F-26호','02-3453-6811',5),
(211,'2024-04-22 17:31:16','케밥','동작','아미르케밥','서울 관악구 신림로 306 1층 101, 102호','0507-1362-0729',5),
(213,'2024-04-22 17:32:29','케밥','강동','사마르칸트','서울 강동구 성안로25길 65 1층 101호','0507-1321-8087',5),
(214,'2024-04-22 17:33:09','케밥','송파','델키스케밥 롯데월드어드벤처점','서울 송파구 올림픽로 240','----',5),
(215,'2024-04-22 17:33:51','케밥','강서','델리케밥','서울 강서구 공항대로 222 108호','010-6387-1423',5),
(216,'2024-04-22 17:35:19','면류(짜장면,짬뽕,도삭면,기스면,우육면)','강서','쓰부','서울 강서구 까치산로 75 호왕빌딩 1층','0507-1433-1113',5),
(217,'2024-04-22 17:35:56','면류(짜장면,짬뽕,도삭면,기스면,우육면)','강동','루이','서울 강동구 상암로3길 72 1층','0507-1313-0796',5),
(218,'2024-04-22 17:36:31','면류(짜장면,짬뽕,도삭면,기스면,우육면)','송파','중화일상 송파점','서울 송파구 백제고분로 401 1층 중화일상','0507-1348-5566',5),
(219,'2024-04-22 17:36:56','면류(짜장면,짬뽕,도삭면,기스면,우육면)','동작','곽반장','서울 동작구 동작대로27가길 45','02-535-0257',5),
(220,'2024-04-22 17:37:21','면류(짜장면,짬뽕,도삭면,기스면,우육면)','강남','공리','서울 강남구 선릉로129길 24','0507-1319-7663',5),
(221,'2024-04-22 17:37:45','면류(짜장면,짬뽕,도삭면,기스면,우육면)','서초','주','서울 서초구 동광로19길 16 복합빌딩','010-5836-3374',5),
(222,'2024-04-22 17:38:12','면류(짜장면,짬뽕,도삭면,기스면,우육면)','관악','천미미 구로점','서울 관악구 시흥대로 552 석천빌딩 2층','0507-1370-0810',5),
(223,'2024-04-22 17:38:50','면류(짜장면,짬뽕,도삭면,기스면,우육면)','영등포','동순각','서울 영등포구 영등포로45길 14-5','02-2634-0439',5),
(224,'2024-04-22 17:39:15','면류(짜장면,짬뽕,도삭면,기스면,우육면)','성동','성수속향연','서울 성동구 성수이로 65 협성빌딩 102호','0507-1375-0754',5),
(225,'2024-04-22 17:39:41','면류(짜장면,짬뽕,도삭면,기스면,우육면)','서대문	','짬뽕주의','서울 서대문구 충정로11길 12 2층','02-3147-1688',5),
(226,'2024-04-22 17:40:09','면류(짜장면,짬뽕,도삭면,기스면,우육면)','마포','부영각','서울 마포구 토정로 268','02-716-2413',5),
(227,'2024-04-22 17:40:31','면류(짜장면,짬뽕,도삭면,기스면,우육면)','용산','정','서울 용산구 청파로47나길 4 2층','02-719-8719',5),
(228,'2024-04-22 17:40:55','면류(짜장면,짬뽕,도삭면,기스면,우육면)','종로','한양중식 종로점','서울 종로구 종로 51 종로타워 지하 2층 한양중식','070-4647-0230',5),
(229,'2024-04-22 17:41:26','탕류(마라탕,누룽지탕,불도장,훠궈)','종로','서유기마라탕&훠궈 대학로점','서울 종로구 대명길 40 명륜빌딩 1층','02-741-8886',5),
(230,'2024-04-22 17:42:05','탕류(마라탕,누룽지탕,불도장,훠궈)','용산','훠궈이야기','서울 용산구 이태원로16길 14-4 1층 이야기술집','02-794-3450',5),
(231,'2024-04-22 17:42:33','탕류(마라탕,누룽지탕,불도장,훠궈)','마포','슈츄안꼬치훠궈마라탕','서울 마포구 어울마당로 59 2층','02-3144-3911',5),
(232,'2024-04-22 17:43:02','탕류(마라탕,누룽지탕,불도장,훠궈)','서대문','라장훠궈','서울 서대문구 연세로 37 지층, 라장훠궈','070-7543-8889',5),
(233,'2024-04-22 17:43:25','탕류(마라탕,누룽지탕,불도장,훠궈)','성동','왕십리마라탕훠궈','서울 성동구 무학로2길 35','02-2298-8468',5),
(234,'2024-04-22 17:43:48','탕류(마라탕,누룽지탕,불도장,훠궈)','영등포','아향부 본점','서울 영등포구 도림로 128','0507-1449-2341',5),
(235,'2024-04-22 17:44:21','탕류(마라탕,누룽지탕,불도장,훠궈)','관악','알라딘 마라탕','서울 구로구 가마산로 280 104호','0507-1396-7801',5),
(236,'2024-04-22 17:44:57','탕류(마라탕,누룽지탕,불도장,훠궈)','서초','반티엔야오 카오위 강남점','서울 서초구 서초대로73길 12 세계빌딩 1층','0507-1475-6673',5),
(237,'2024-04-22 17:45:24','탕류(마라탕,누룽지탕,불도장,훠궈)','강남','징관청훠궈 가로수길 본점','서울 강남구 강남대로156길 35 2층','0507-1335-7102',5),
(238,'2024-04-22 17:46:12','탕류(마라탕,누룽지탕,불도장,훠궈)','동작','준꼬양꼬치앤훠궈','서울 관악구 난곡로38길 7','02-838-6788',5),
(239,'2024-04-22 17:46:45','탕류(마라탕,누룽지탕,불도장,훠궈)','송파','중경식객 송파점','서울 송파구 동남로18길 31','0507-1303-9938',5),
(240,'2024-04-22 17:47:11','탕류(마라탕,누룽지탕,불도장,훠궈)','강동','유미마라탕','서울 강동구 천호옛길 90','02-477-8803',5),
(241,'2024-04-22 17:47:36','탕류(마라탕,누룽지탕,불도장,훠궈)','강서','동래순샤브샤브&양꼬치','서울 강서구 마곡중앙6로 93 3층 307호','02-3661-5868',5),
(242,'2024-04-22 17:48:30','만두류(딤섬,소롱포,춘권,만터우)','강서','왕푸징만두 마곡한솔점','서울 강서구 양천로30길 76','02-2665-7687',5),
(243,'2024-04-22 17:49:03','만두류(딤섬,소롱포,춘권,만터우)','강동','서두산딤섬 2호점','서울 송파구 올림픽로32길 18-23','02-422-4588',5),
(244,'2024-04-22 17:49:31','만두류(딤섬,소롱포,춘권,만터우)','송파','도삭면공방','서울 송파구 백제고분로7길 8-12','02-417-8868',5),
(245,'2024-04-22 17:49:55','만두류(딤섬,소롱포,춘권,만터우)','동작','아리차이','서울 관악구 신림동길 4','02-877-1272',5),
(246,'2024-04-22 17:50:30','만두류(딤섬,소롱포,춘권,만터우)','강남','루위','서울 강남구 도산대로 211 동현빌딩 1F','0507-1436-0018',5),
(247,'2024-04-22 17:50:57','만두류(딤섬,소롱포,춘권,만터우)','서초','티엔미미 서촌점','서울 서초구 사임당로 143 . 104-1,104-2,104-3호','010-8874-1040',5),
(248,'2024-04-22 17:51:27','만두류(딤섬,소롱포,춘권,만터우)','관악','타이펑','서울 관악구 관악로24길 61','02-875-2082',5),
(249,'2024-04-22 18:09:53','만두류(딤섬,소롱포,춘권,만터우)','영등포','호우섬 더현대서울점','서울 영등포구 여의대로 108 파크원 더현대서울 지하 1층','0507-1344-0763',5),
(250,'2024-04-22 18:10:22','만두류(딤섬,소롱포,춘권,만터우)','성동','제제','서울 성동구 서울숲길 46-1 1층','0507-1329-7000',5),
(251,'2024-04-22 18:10:52','만두류(딤섬,소롱포,춘권,만터우)','서대문','청화원','서울 서대문구 명물길 10 1층 청화원','----',5),
(252,'2024-04-22 18:11:15','만두류(딤섬,소롱포,춘권,만터우)','마포','연교','서울 마포구 연희로1길 65 1층','010-5882-5112',5),
(253,'2024-04-22 18:11:44','만두류(딤섬,소롱포,춘권,만터우)','용산','야상해','서울 용산구 이태원로23길 6','0507-1442-8666',5),
(254,'2024-04-22 18:12:26','만두류(딤섬,소롱포,춘권,만터우)','종로','바오차이','서울 중구 을지로 100 파인에비뉴 B동 지하1층','0507-1396-0194',5),
(255,'2024-04-22 18:13:09','요리류(탕수육,깐풍기,고추잡채,양장피,유산슬 등)','종로','친니','서울 종로구 세종대로 175 세종문화회관 지하 1층','02-733-3270',5),
(257,'2024-04-22 18:13:50','요리류(탕수육,깐풍기,고추잡채,양장피,유산슬 등)','용산','중화객잔 수','서울 용산구 한강대로48길 17-6 1층','0507-1440-5338',5),
(258,'2024-04-22 18:14:43','요리류(탕수육,깐풍기,고추잡채,양장피,유산슬 등)','마포','중화복춘','서울 마포구 동교로 220-7 101호','0507-1436-2209',5),
(259,'2024-04-22 18:15:11','요리류(탕수육,깐풍기,고추잡채,양장피,유산슬 등)','서대문','오향만두','서울 서대문구 연희맛로 22 삼원빌딩','02-326-2087',5),
(260,'2024-04-22 18:15:39','요리류(탕수육,깐풍기,고추잡채,양장피,유산슬 등)','성동','홍보석','서울 성동구 성덕정7길 13 1층','02-3409-3311',5),
(261,'2024-04-22 18:16:11','요리류(탕수육,깐풍기,고추잡채,양장피,유산슬 등)','영등포','대관원','서울 영등포구 당산로37길 1','02-2068-8791',5),
(262,'2024-04-22 18:16:39','요리류(탕수육,깐풍기,고추잡채,양장피,유산슬 등)','관악','중화요리 팔공','서울 관악구 남부순환로 1680','0507-1307-9815',5),
(263,'2024-04-22 18:17:10','요리류(탕수육,깐풍기,고추잡채,양장피,유산슬 등)','서초','만다린','서울 서초구 방배로6길 10-15 1층,2층','02-581-3366',5),
(264,'2024-04-22 18:17:38','요리류(탕수육,깐풍기,고추잡채,양장피,유산슬 등)','강남','홍명','서울 강남구 논현로131길 10 미현빌딩 1층 홍명','02-548-2223',5),
(267,'2024-04-22 18:18:18','요리류(탕수육,깐풍기,고추잡채,양장피,유산슬 등)','동작','룡빈관','서울 동작구 성대로1길 8','070-8691-0103',5),
(268,'2024-04-22 18:18:58','요리류(탕수육,깐풍기,고추잡채,양장피,유산슬 등)','송파','창룡 본점','서울 송파구 새말로5길 22 1층','0507-1440-8813',5),
(269,'2024-04-22 18:19:25','요리류(탕수육,깐풍기,고추잡채,양장피,유산슬 등)','강동','황푸차이나','서울 강동구 양재대로 1590','02-442-1211',5),
(270,'2024-04-22 18:20:05','요리류(탕수육,깐풍기,고추잡채,양장피,유산슬 등)','강서','소평루','서울 강서구 강서로 447 경동 미르웰플러스오피스텔201-101호','0507-1443-0737',5),
(271,'2024-04-22 18:23:15','밥류(초밥,돈부리,장어덮밥,오므라이스,카레라이스,텐동)','강서','안135','서울 강서구 마곡중앙6로 66 퀸즈파크10 b동216호','02-3665-1350',5),
(272,'2024-04-22 18:23:46','밥류(초밥,돈부리,장어덮밥,오므라이스,카레라이스,텐동)','강동','스시공간','서울 강동구 올림픽로70길 51-2 1층 스시공간','0507-1384-2806',5),
(273,'2024-04-22 18:24:18','밥류(초밥,돈부리,장어덮밥,오므라이스,카레라이스,텐동)','송파','스시엔','서울 송파구 충민로 5 송파한화오벨리스크 118호','02-6404-2009',5),
(274,'2024-04-22 18:24:42','밥류(초밥,돈부리,장어덮밥,오므라이스,카레라이스,텐동)','동작','손선장','서울 동작구 노들로 674 86호, 87호, 88호','0507-1327-7006',5),
(275,'2024-04-22 18:25:30','밥류(초밥,돈부리,장어덮밥,오므라이스,카레라이스,텐동)','강남','해월','서울 강남구 언주로150길 24 2층','0507-1377-3751',5),
(276,'2024-04-22 18:26:01','밥류(초밥,돈부리,장어덮밥,오므라이스,카레라이스,텐동)','서초','진스시','서울 서초구 강남대로43길 22-2 1층, 2층','02-588-3330',5),
(277,'2024-04-22 18:26:32','밥류(초밥,돈부리,장어덮밥,오므라이스,카레라이스,텐동)','관악','교꾸스시','서울 관악구 남현1길 9 101호','02-586-2355',5),
(278,'2024-04-22 18:26:56','밥류(초밥,돈부리,장어덮밥,오므라이스,카레라이스,텐동)','영등포','화담','서울 영등포구 국회대로 800 지하 1층','0507-1486-3405',5),
(279,'2024-04-22 18:27:39','밥류(초밥,돈부리,장어덮밥,오므라이스,카레라이스,텐동)','성동','스시메이 성수점','서울 성동구 연무장7길 7-1 린빌딩 2층','0507-1340-4918',5),
(280,'2024-04-22 18:28:05','밥류(초밥,돈부리,장어덮밥,오므라이스,카레라이스,텐동)','서대문','한끼마끼','서울 서대문구 이화여대1길 15 1층한끼마끼','010-2844-7954',5),
(281,'2024-04-22 18:28:39','밥류(초밥,돈부리,장어덮밥,오므라이스,카레라이스,텐동)','마포','물고기초밥','서울 마포구 독막로3길 24-6','02-322-6609',5),
(282,'2024-04-22 18:29:16','밥류(초밥,돈부리,장어덮밥,오므라이스,카레라이스,텐동)','용산','스시투고','서울 용산구 한강대로 205 용산파크자이 상가 1층 C6호','0507-1343-0730',5),
(283,'2024-04-22 18:29:41','밥류(초밥,돈부리,장어덮밥,오므라이스,카레라이스,텐동)','종로','야스미','서울 종로구 대명길 39-10','0507-1435-2550',5),
(284,'2024-04-22 18:30:16','면류(우동,라멘,소바)','종로','동경우동','서울 중구 충무로 48','02-2274-3440',5),
(285,'2024-04-22 18:30:42','면류(우동,라멘,소바)','용산','미와쿠','서울 용산구 한강대로 276-2 1층','0507-1404-1057',5),
(286,'2024-04-22 18:31:06','면류(우동,라멘,소바)','마포','망원동즉석우동 본점','서울 마포구 동교로 83','02-336-1330',5),
(287,'2024-04-22 18:31:34','면류(우동,라멘,소바)','서대문','가타쯔무리','서울 서대문구 명지대길 72','----',5),
(288,'2024-04-22 18:32:06','면류(우동,라멘,소바)','성동','가조쿠','서울 성동구 연무장길 31-2 1층','0507-1434-2177',5),
(289,'2024-04-22 18:32:30','면류(우동,라멘,소바)','영등포','오타루소바우동','서울 영등포구 도림로 491-2','02-2634-5460',5),
(290,'2024-04-22 18:33:12','면류(우동,라멘,소바)','관악','경성모밀','서울 동작구 동작대로29가길 6','02-532-6670',5),
(291,'2024-04-22 18:33:36','면류(우동,라멘,소바)','서초','수타우동 겐 서초점','서울 서초구 서초대로 327 키움스쿼어 1층 수타우동겐','02-599-5545',5),
(292,'2024-04-22 18:34:07','면류(우동,라멘,소바)','강남','우동명가기리야마본진','서울 강남구 강남대로84길 23 한라클래식 지하1층','0507-1401-0068',5),
(293,'2024-04-22 18:35:08','면류(우동,라멘,소바)','동작','라쿠라쿠','서울 동작구 대림로 14 1층','0507-1320-7097',5),
(294,'2024-04-22 18:35:35','면류(우동,라멘,소바)','송파','아타타카이 라멘','서울 송파구 송파대로42길 26-1 1층 101호','0507-1306-1805',5),
(295,'2024-04-22 18:36:02','면류(우동,라멘,소바)','강동','원라멘','서울 강동구 구천면로 427 1층 107호','02-481-7774',5),
(296,'2024-04-22 18:36:25','면류(우동,라멘,소바)','강서','카메야라멘','서울 강서구 강서로 489-4 2층','0507-1403-3412',5);

/*Table structure for table `ulsanFood` */

DROP TABLE IF EXISTS `ulsanFood`;

CREATE TABLE `ulsanFood` (
  `id` int(10) unsigned NOT NULL AUTO_INCREMENT,
  `regDate` datetime NOT NULL,
  `foodtype` char(100) NOT NULL,
  `town` text NOT NULL,
  `boardId` int(10) unsigned NOT NULL,
  PRIMARY KEY (`id`),
  KEY `boardId` (`boardId`)
) ENGINE=InnoDB AUTO_INCREMENT=8 DEFAULT CHARSET=utf8mb4 COLLATE=utf8mb4_general_ci;

/*Data for the table `ulsanFood` */

insert  into `ulsanFood`(`id`,`regDate`,`foodtype`,`town`,`boardId`) values 
(1,'2024-04-18 12:11:31','국물요리','동구,중구,남구,북구,울주군',4),
(2,'2024-04-18 12:11:31','구이류','동구,중구,남구,북구,울주군',4),
(3,'2024-04-18 12:11:31','볶음류','동구,중구,남구,북구,울주군',4),
(4,'2024-04-18 12:11:31','분식','동구,중구,남구,북구,울주군',4),
(5,'2024-04-18 12:11:31','건강식(쌈밥,가정식,나물)','동구,중구,남구,북구,울주군',4),
(6,'2024-04-18 12:11:31','죽&비빔밥','동구,중구,남구,북구,울주군',4),
(7,'2024-04-18 12:11:31','찜,탕','동구,중구,남구,북구,울주군',4);

/*Table structure for table `ulsanTown` */

DROP TABLE IF EXISTS `ulsanTown`;

CREATE TABLE `ulsanTown` (
  `id` int(10) unsigned NOT NULL AUTO_INCREMENT,
  `regDate` datetime NOT NULL,
  `foodtype` char(100) NOT NULL,
  `town` text NOT NULL,
  `resname` text NOT NULL,
  `address` text NOT NULL,
  `num` text NOT NULL,
  `boardId` int(10) unsigned NOT NULL,
  PRIMARY KEY (`id`),
  KEY `boardId` (`boardId`)
) ENGINE=InnoDB DEFAULT CHARSET=utf8mb4 COLLATE=utf8mb4_general_ci;

/*Data for the table `ulsanTown` */

/*!40101 SET SQL_MODE=@OLD_SQL_MODE */;
/*!40014 SET FOREIGN_KEY_CHECKS=@OLD_FOREIGN_KEY_CHECKS */;
/*!40014 SET UNIQUE_CHECKS=@OLD_UNIQUE_CHECKS */;
/*!40111 SET SQL_NOTES=@OLD_SQL_NOTES */;
